"firstName","lastName","DOB","userName","email","location","cellPhone"
"Ambrósio","Barros","26/02/1990 9:11:42 pm","angrywolf143","ambrosio.barros@example.com","Natal","(43) 7818-0263"
"Amelia","Anderson","23/12/1954 9:23:33 am","crazyswan913","amelia.anderson@example.com","Inwood","S08 K33-6410"
"Antonio","Bonnet","30/04/1994 11:23:47 pm","angrybear499","antonio.bonnet@example.com","Isenthal","077 202 85 67"
"Arcelia","Monroy","30/10/1944 11:19:36 am","silverlion762","arcelia.monroy@example.com","Estación Llano","(631) 137 9724"
"Arturo","Álvarez","30/05/1978 12:45:17 pm","orangefrog614","arturo.alvarez@example.com","Santiago de Compostela","631-659-214"
"Aurélien","Bernard","30/12/1980 5:10:43 pm","purplefish376","aurelien.bernard@example.com","Romanel-sur-Morges","077 464 25 53"
"Austin","Edwards","9/05/1967 10:29:31 am","ticklishwolf149","austin.edwards@example.com","Napier","(968)-437-2808"
"Billie","Ferguson","1/12/1985 12:16:21 pm","bluewolf122","billie.ferguson@example.com","Gladstone","0441-532-732"
"Ceyhan","Küçükler","14/09/1976 2:13:19 pm","biggorilla249","ceyhan.kucukler@example.com","Mardin","(161)-168-2810"
"Coby","Van Domselaar","24/01/1961 6:02:04 am","smallwolf554","coby.vandomselaar@example.com","Stavenisse","(06) 30753517"
"Daniel","Kristensen","27/06/1951 10:11:21 am","lazyelephant503","daniel.kristensen@example.com","Assens","36399683"
"Dijana","Milutinović","26/01/1963 4:03:54 am","organicrabbit295","dijana.milutinovic@example.com","Požarevac","063-8438-085"
"Dylan","Bradley","22/12/1997 5:27:00 am","happybutterfly330","dylan.bradley@example.com","Knoxville","(696) 742-1602"
"Elias","Jensen","20/01/1971 6:27:41 am","sadgorilla404","elias.jensen@example.com","Ryslinge","41398460"
"Grgur","Blažić","16/04/1978 3:19:02 pm","tinybird272","grgur.blazic@example.com","Topola","064-2467-468"
"Hodota","Kalenichenko","25/05/1972 10:36:49 am","brownkoala575","hodota.kalenichenko@example.com","Kicman","(099) G29-2243"
"Hubert","Kuhl","21/05/1995 8:01:25 am","silvergoose784","hubert.kuhl@example.com","Brilon","0178-1821396"
"Ishana","Gugale","14/02/1986 1:51:28 am","silverwolf449","ishana.gugale@example.com","Vijayanagaram","7020854036"
"Jean-Marc","Gautier","8/11/1977 6:42:11 pm","ticklishmouse262","jean-marc.gautier@example.com","Rüdtligen-Alchenflüh","075 207 92 95"
"Kalpit","Dawangave","19/04/1954 4:59:33 am","organicfish414","kalpit.dawangave@example.com","Bikaner","8375632894"
"Krasnovida","Kamenyuk","30/08/1951 6:06:03 pm","blackcat758","krasnovida.kamenyuk@example.com","Krasnograd","(067) O01-2485"
"Lakshit","Gamskar","22/08/1983 3:48:13 am","sadfrog740","lakshit.gamskar@example.com","Shivpuri","7854630296"
"Layla","Mendoza","19/03/1963 5:32:57 pm","organicbutterfly614","layla.mendoza@example.com","Traralgon","0414-010-000"
"Levi","Roberts","16/12/1967 1:01:04 am","orangesnake342","levi.roberts@example.com","Lower Hutt","(428)-918-2347"
"Luca","Laurent","6/08/1964 4:26:46 pm","silverostrich201","luca.laurent@example.com","Bettmeralp","075 569 28 63"
"Megan","Jones","4/01/2000 10:48:31 pm","goldensnake905","megan.jones@example.com","South River","D98 T54-8278"
"Modesto","Castro","20/03/1973 1:29:25 pm","yellowbird534","modesto.castro@example.com","Francisco Morato","(14) 2520-0745"
"Nájela","Costa","1/05/1997 5:33:26 am","beautifulkoala671","najela.costa@example.com","Araras","(82) 7611-4580"
"Noora","Eike","2/08/1987 10:56:52 am","greenrabbit335","noora.eike@example.com","Hemnes","47786317"
"Orestes","de Souza","13/12/1954 8:25:03 am","ticklishduck832","orestes.desouza@example.com","Caxias do Sul","(09) 8188-8151"
"Patricia","Naranjo","11/05/1947 10:05:57 pm","lazywolf468","patricia.naranjo@example.com","El Farallón(Campamento CFE)","(648) 015 0202"
"Prathiksha","Saldanha","22/11/1960 6:45:57 am","sadzebra262","prathiksha.saldanha@example.com","Buxar","9124425280"
"Raphael","Petit","21/08/1975 7:55:37 am","organicbear694","raphael.petit@example.com","Bleienbach","075 568 10 32"
"Rebecca","Rice","12/06/1955 12:26:56 pm","blackcat162","rebecca.rice@example.com","Skerries","081-805-2789"
"Rebecca","Dean","27/10/1999 4:28:33 am","yellowelephant331","rebecca.dean@example.com","Devonport","0486-639-513"
"Rosalba","da Mata","10/07/1991 6:59:49 pm","redbear130","rosalba.damata@example.com","Arapongas","(57) 0924-3554"
"Rosario","Bahena","25/09/1952 9:06:33 am","bigpanda303","rosario.bahena@example.com","Cuautepec de Hinojosa","(648) 645 4569"
"Santiago","Meraz","2/07/1983 4:00:47 am","crazymouse732","santiago.meraz@example.com","Santa María Magdalena Cahuacán","(699) 631 4619"
"Sara","Guevara","1/10/1998 3:54:31 pm","goldenleopard415","sara.guevara@example.com","Tianguistengo","(671) 114 0730"
"Sean","Bowman","1/06/1952 5:44:50 pm","goldenpeacock860","sean.bowman@example.com","Clane","081-010-2340"
"Severin","Bergland","10/07/1972 7:00:43 pm","yellowpeacock600","severin.bergland@example.com","Søre Øyane","45865366"
"Siiri","Peura","30/06/1968 5:43:49 am","orangebutterfly630","siiri.peura@example.com","Teuva","045-577-50-15"
"Stella","Harrison","28/07/1954 12:34:42 am","smallostrich757","stella.harrison@example.com","Queanbeyan","0492-042-918"
"Trinidad","Medina","15/01/1961 8:15:30 am","organicelephant942","trinidad.medina@example.com","Oviedo","635-292-446"
"Tristan","Pedersen","2/01/1986 5:55:20 am","beautifulgorilla483","tristan.pedersen@example.com","Rønnede","29251564"
"Umang","Almeida","5/11/1990 1:32:16 pm","heavyrabbit920","umang.almeida@example.com","Narasaraopet","8856262774"
"Umut","Topaloğlu","3/10/1970 2:41:18 am","happygoose535","umut.topaloglu@example.com","Gaziantep","(405)-141-0587"
"Victoria","Olvera","5/06/1971 6:40:37 am","happygoose385","victoria.olvera@example.com","Hidalgo","(695) 738 3094"
"Xavier","Jackson","28/09/1950 7:23:45 pm","happymeercat291","xavier.jackson@example.com","Porirua","(916)-866-0884"
"فاطمه زهرا","گلشن","3/01/2000 3:31:14 am","angrykoala767","ftmhzhr.glshn@example.com","ارومیه","0961-402-6474"
